Код СЦ1,Код СЦ2,Distance
1,1,0
2,1,450
3,1,1022
4,1,538
5,1,1192
6,1,984
7,1,388
8,1,492
9,1,1130
10,1,2707
11,1,1243
12,1,602
13,1,1061
14,1,1209
15,1,781
16,1,681
17,1,4135
18,1,495
19,1,1284
20,1,511
21,1,944
22,1,1877
23,1,3609
24,1,277
25,1,498
26,1,920
27,1,534
28,1,511
29,1,473
30,1,515
31,1,1377
32,1,119
33,1,541
34,1,1635
35,1,718
36,1,750
37,1,454
38,1,862
39,1,1439
40,1,839
41,1,526
42,1,1789
43,1,258
44,1,1346
45,1,3585
46,1,2211
47,1,1299
48,1,692
49,1,3628
50,1,579
51,1,512
52,1,533
53,1,783
54,1,525
55,1,3367
56,1,335
57,1,534
58,1,511
1,2,450
2,2,0
3,2,1463
4,2,198
5,2,851
6,2,668
7,2,327
8,2,186
9,2,1570
10,2,2912
11,2,902
12,2,1005
13,2,1030
14,2,868
15,2,497
16,2,397
17,2,4341
18,2,160
19,2,1181
20,2,184
21,2,1181
22,2,1974
23,2,3814
24,2,526
25,2,193
26,2,1361
27,2,193
28,2,184
29,2,143
30,2,174
31,2,1557
32,2,416
33,2,745
34,2,1628
35,2,382
36,2,644
37,2,226
38,2,969
39,2,1408
40,2,1280
41,2,203
42,2,1995
43,2,404
44,2,1566
45,2,3791
46,2,2311
47,2,1268
48,2,352
49,2,3834
50,2,1020
51,2,171
52,2,193
53,2,467
54,2,866
55,2,3573
56,2,135
57,2,228
58,2,184
1,3,1022
2,3,1463
3,3,0
4,3,1550
5,3,2203
6,3,1995
7,3,1400
8,3,1503
9,3,283
10,3,3514
11,3,2254
12,3,906
13,3,1907
14,3,2220
15,3,1792
16,3,1692
17,3,4942
18,3,1506
19,3,2198
20,3,1523
21,3,1707
22,3,2684
23,3,4416
24,3,1135
25,3,1510
26,3,455
27,3,1546
28,3,1523
29,3,1485
30,3,1526
31,3,2183
32,3,1131
33,3,1369
34,3,2482
35,3,1729
36,3,1698
37,3,1465
38,3,1737
39,3,2260
40,3,189
41,3,1537
42,3,2596
43,3,1235
44,3,2109
45,3,4392
46,3,3018
47,3,2100
48,3,1704
49,3,4435
50,3,452
51,3,1523
52,3,1544
53,3,1795
54,3,1288
55,3,4174
56,3,1346
57,3,1545
58,3,1523
1,4,538
2,4,198
3,4,1550
4,4,0
5,4,677
6,4,483
7,4,221
8,4,51
9,4,1656
10,4,2732
11,4,728
12,4,1011
13,4,850
14,4,694
15,4,316
16,4,216
17,4,4161
18,4,52
19,4,964
20,4,26
21,4,1104
22,4,1808
23,4,3634
24,4,693
25,4,51
26,4,1446
27,4,47
28,4,26
29,4,81
30,4,27
31,4,1377
32,4,502
33,4,668
34,4,1444
35,4,418
36,4,464
37,4,406
38,4,891
39,4,1228
40,4,1366
41,4,19
42,4,1815
43,4,571
44,4,1488
45,4,3610
46,4,2146
47,4,1088
48,4,177
49,4,3653
50,4,1105
51,4,35
52,4,8
53,4,283
54,4,865
55,4,3392
56,4,217
57,4,62
58,4,26
1,5,1192
2,5,851
3,5,2203
4,5,677
5,5,0
6,5,657
7,5,895
8,5,725
9,5,2324
10,5,3195
11,5,53
12,5,1679
13,5,1521
14,5,18
15,5,988
16,5,888
17,5,4624
18,5,718
19,5,1398
20,5,692
21,5,1777
22,5,2242
23,5,4097
24,5,1359
25,5,725
26,5,2114
27,5,687
28,5,692
29,5,747
30,5,693
31,5,2048
32,5,1170
33,5,1341
34,5,1878
35,5,742
36,5,1135
37,5,1071
38,5,1531
39,5,1899
40,5,2034
41,5,693
42,5,2486
43,5,1237
44,5,2162
45,5,4074
46,5,2580
47,5,1759
48,5,519
49,5,4117
50,5,1773
51,5,701
52,5,681
53,5,835
54,5,1539
55,5,3856
56,5,883
57,5,736
58,5,692
1,6,984
2,6,668
3,6,1995
4,6,483
5,6,657
6,6,0
7,6,676
8,6,497
9,6,2101
10,6,2544
11,6,665
12,6,1457
13,6,901
14,6,643
15,6,333
16,6,435
17,6,3972
18,6,522
19,6,746
20,6,480
21,6,1284
22,6,1590
23,6,3446
24,6,1148
25,6,497
26,6,1892
27,6,517
28,6,480
29,6,536
30,6,497
31,6,1409
32,6,947
33,6,1002
34,6,1226
35,6,888
36,6,614
37,6,875
38,6,1059
39,6,1124
40,6,1811
41,6,471
42,6,1782
43,6,1026
44,6,1635
45,6,3422
46,6,1928
47,6,1120
48,6,509
49,6,3465
50,6,1551
51,6,489
52,6,478
53,6,203
54,6,1197
55,6,3204
56,6,672
57,6,508
58,6,480
1,7,388
2,7,327
3,7,1400
4,7,221
5,7,895
6,7,676
7,7,0
8,7,182
9,7,1504
10,7,2603
11,7,936
12,7,806
13,7,813
14,7,902
15,7,353
16,7,251
17,7,4032
18,7,212
19,7,996
20,7,203
21,7,883
22,7,1774
23,7,3505
24,7,663
25,7,176
26,7,1295
27,7,251
28,7,203
29,7,191
30,7,232
31,7,1273
32,7,268
33,7,447
34,7,1388
35,7,589
36,7,444
37,7,534
38,7,671
39,7,1191
40,7,1214
41,7,210
42,7,1686
43,7,545
44,7,1267
45,7,3482
46,7,2108
47,7,1052
48,7,386
49,7,3525
50,7,954
51,7,201
52,7,217
53,7,481
54,7,644
55,7,3264
56,7,182
57,7,214
58,7,203
1,8,492
2,8,186
3,8,1503
4,8,51
5,8,725
6,8,497
7,8,182
8,8,0
9,8,1609
10,8,2718
11,8,766
12,8,965
13,8,835
14,8,732
15,8,302
16,8,202
17,8,4146
18,8,32
19,8,987
20,8,34
21,8,1062
22,8,1822
23,8,3620
24,8,656
25,8,10
26,8,1400
27,8,71
28,8,34
29,8,44
30,8,51
31,8,1363
32,8,455
33,8,626
34,8,1458
35,8,428
36,8,449
37,8,392
38,8,850
39,8,1213
40,8,1319
41,8,40
42,8,1800
43,8,534
44,8,1447
45,8,3596
46,8,2160
47,8,1074
48,8,216
49,8,3639
50,8,1059
51,8,30
52,8,47
53,8,297
54,8,825
55,8,3378
56,8,180
57,8,48
58,8,34
1,9,1130
2,9,1570
3,9,283
4,9,1656
5,9,2324
6,9,2101
7,9,1504
8,9,1609
9,9,0
10,9,3621
11,9,2362
12,9,1014
13,9,2015
14,9,2328
15,9,1900
16,9,1800
17,9,5050
18,9,1614
19,9,2305
20,9,1630
21,9,1814
22,9,2791
23,9,4523
24,9,1242
25,9,1617
26,9,485
27,9,1653
28,9,1630
29,9,1592
30,9,1633
31,9,2291
32,9,1238
33,9,1476
34,9,2589
35,9,1836
36,9,1806
37,9,1573
38,9,1845
39,9,2367
40,9,296
41,9,1645
42,9,2703
43,9,1343
44,9,2217
45,9,4499
46,9,3125
47,9,2207
48,9,1811
49,9,4542
50,9,560
51,9,1631
52,9,1652
53,9,1902
54,9,1396
55,9,4281
56,9,1454
57,9,1653
58,9,1630
1,10,2707
2,10,2912
3,10,3514
4,10,2732
5,10,3195
6,10,2544
7,10,2603
8,10,2718
9,10,3621
10,10,0
11,10,3199
12,10,2611
13,10,1889
14,10,3177
15,10,2470
16,10,2511
17,10,1436
18,10,2741
19,10,1811
20,10,2726
21,10,1807
22,10,960
23,10,910
24,10,2997
25,10,2714
26,10,3159
27,10,2764
28,10,2726
29,10,2773
30,10,2743
31,10,1346
32,10,2598
33,10,2164
34,10,1325
35,10,3134
36,10,2254
37,10,3016
38,10,1932
39,10,1568
40,10,3332
41,10,2717
42,10,918
43,10,2927
44,10,1634
45,10,886
46,10,620
47,10,1646
48,10,2894
49,10,929
50,10,3072
51,10,2723
52,10,2725
53,10,2507
54,10,2230
55,10,668
56,10,2784
57,10,2672
58,10,2726
1,11,1243
2,11,902
3,11,2254
4,11,728
5,11,53
6,11,665
7,11,936
8,11,766
9,11,2362
10,11,3199
11,11,0
12,11,1716
13,11,1558
14,11,39
15,11,1025
16,11,925
17,11,4631
18,11,755
19,11,1406
20,11,729
21,11,1814
22,11,2250
23,11,4105
24,11,1396
25,11,762
26,11,2151
27,11,724
28,11,729
29,11,784
30,11,730
31,11,2085
32,11,1207
33,11,1378
34,11,1885
35,11,779
36,11,1172
37,11,1108
38,11,1568
39,11,1936
40,11,2071
41,11,730
42,11,2523
43,11,1274
44,11,2199
45,11,4081
46,11,2587
47,11,1796
48,11,556
49,11,4124
50,11,1810
51,11,738
52,11,718
53,11,812
54,11,1576
55,11,3863
56,11,920
57,11,773
58,11,729
1,12,602
2,12,1005
3,12,906
4,12,1011
5,12,1679
6,12,1457
7,12,806
8,12,965
9,12,1014
10,12,2611
11,12,1716
12,12,0
13,12,1061
14,12,1683
15,12,1149
16,12,1047
17,12,4037
18,12,969
19,12,1452
20,12,985
21,12,790
22,12,1779
23,12,3511
24,12,845
25,12,972
26,12,549
27,12,1008
28,12,985
29,12,947
30,12,989
31,12,1278
32,12,648
33,12,598
34,12,1636
35,12,1346
36,12,983
37,12,1045
38,12,832
39,12,1355
40,12,723
41,12,1000
42,12,1691
43,12,815
44,12,1193
45,12,3487
46,12,2113
47,12,1195
48,12,1166
49,12,3530
50,12,463
51,12,986
52,12,1007
53,12,1257
54,12,383
55,12,3269
56,12,882
57,12,1008
58,12,985
1,13,1061
2,13,1030
3,13,1907
4,13,850
5,13,1521
6,13,901
7,13,813
8,13,835
9,13,2015
10,13,1889
11,13,1558
12,13,1061
13,13,0
14,13,1529
15,13,688
16,13,630
17,13,3322
18,13,860
19,13,402
20,13,845
21,13,372
22,13,955
23,13,2796
24,13,1297
25,13,833
26,13,1608
27,13,882
28,13,845
29,13,891
30,13,862
31,13,539
32,13,948
33,13,529
34,13,598
35,13,1253
36,13,373
37,13,1235
38,13,232
39,13,389
40,13,1722
41,13,836
42,13,976
43,13,1277
44,13,723
45,13,2772
46,13,1293
47,13,250
48,13,1013
49,13,2815
50,13,1462
51,13,842
52,13,844
53,13,820
54,13,679
55,13,2554
56,13,1013
57,13,791
58,13,845
1,14,1209
2,14,868
3,14,2220
4,14,694
5,14,18
6,14,643
7,14,902
8,14,732
9,14,2328
10,14,3177
11,14,39
12,14,1683
13,14,1529
14,14,0
15,14,992
16,14,892
17,14,4611
18,14,722
19,14,1386
20,14,696
21,14,1781
22,14,2229
23,14,4085
24,14,1363
25,14,729
26,14,2118
27,14,691
28,14,696
29,14,751
30,14,697
31,14,2052
32,14,1174
33,14,1345
34,14,1865
35,14,746
36,14,1139
37,14,1075
38,14,1535
39,14,1903
40,14,2038
41,14,697
42,14,2490
43,14,1241
44,14,2166
45,14,4061
46,14,2567
47,14,1763
48,14,523
49,14,4104
50,14,1777
51,14,705
52,14,685
53,14,791
54,14,1543
55,14,3843
56,14,887
57,14,740
58,14,696
1,15,781
2,15,497
3,15,1792
4,15,316
5,15,988
6,15,333
7,15,353
8,15,302
9,15,1900
10,15,2470
11,15,1025
12,15,1149
13,15,688
14,15,992
15,15,0
16,15,112
17,15,3902
18,15,328
19,15,677
20,15,314
21,15,966
22,15,1520
23,15,3376
24,15,958
25,15,301
26,15,1690
27,15,351
28,15,314
29,15,360
30,15,331
31,15,1217
32,15,609
33,15,667
34,15,1156
35,15,722
36,15,282
37,15,704
38,15,703
39,15,1030
40,15,1610
41,15,305
42,15,1712
43,15,837
44,15,1350
45,15,3352
46,15,1858
47,15,928
48,15,482
49,15,3395
50,15,1350
51,15,311
52,15,312
53,15,133
54,15,865
55,15,3134
56,15,482
57,15,260
58,15,314
1,16,681
2,16,397
3,16,1692
4,16,216
5,16,888
6,16,435
7,16,251
8,16,202
9,16,1800
10,16,2511
11,16,925
12,16,1047
13,16,630
14,16,892
15,16,112
16,16,0
17,16,3943
18,16,229
19,16,783
20,16,214
21,16,930
22,16,1576
23,16,3416
24,16,858
25,16,202
26,16,1591
27,16,252
28,16,214
29,16,261
30,16,231
31,16,1159
32,16,508
33,16,578
34,16,1207
35,16,622
36,16,246
37,16,605
38,16,667
39,16,1010
40,16,1510
41,16,205
42,16,1597
43,16,737
44,16,1314
45,16,3393
46,16,1913
47,16,870
48,16,382
49,16,3436
50,16,1250
51,16,211
52,16,213
53,16,239
54,16,775
55,16,3175
56,16,382
57,16,160
58,16,214
1,17,4135
2,17,4341
3,17,4942
4,17,4161
5,17,4624
6,17,3972
7,17,4032
8,17,4146
9,17,5050
10,17,1436
11,17,4631
12,17,4037
13,17,3322
14,17,4611
15,17,3902
16,17,3943
17,17,0
18,17,4208
19,17,3278
20,17,4194
21,17,3275
22,17,2428
23,17,625
24,17,4464
25,17,4181
26,17,4627
27,17,4231
28,17,4194
29,17,4240
30,17,4211
31,17,2814
32,17,4065
33,17,3632
34,17,2792
35,17,4602
36,17,3722
37,17,4484
38,17,3400
39,17,3036
40,17,4800
41,17,4185
42,17,2386
43,17,4395
44,17,3102
45,17,957
46,17,2088
47,17,3114
48,17,4362
49,17,570
50,17,4540
51,17,4190
52,17,4192
53,17,3975
54,17,3697
55,17,809
56,17,4252
57,17,4140
58,17,4194
1,18,495
2,18,160
3,18,1506
4,18,52
5,18,718
6,18,522
7,18,212
8,18,32
9,18,1614
10,18,2741
11,18,755
12,18,969
13,18,860
14,18,722
15,18,328
16,18,229
17,18,4208
18,18,0
19,18,1000
20,18,35
21,18,1091
22,18,1844
23,18,3643
24,18,647
25,18,36
26,18,1402
27,18,45
28,18,35
29,18,35
30,18,25
31,18,1386
32,18,457
33,18,655
34,18,1479
35,18,402
36,18,473
37,18,366
38,18,879
39,18,1237
40,18,1321
41,18,55
42,18,1824
43,18,525
44,18,1476
45,18,3619
46,18,2181
47,18,1097
48,18,203
49,18,3662
50,18,1061
51,18,22
52,18,44
53,18,319
54,18,827
55,18,3402
56,18,171
57,18,71
58,18,35
1,19,1284
2,19,1181
3,19,2198
4,19,964
5,19,1398
6,19,746
7,19,996
8,19,987
9,19,2305
10,19,1811
11,19,1406
12,19,1452
13,19,402
14,19,1386
15,19,677
16,19,783
17,19,3278
18,19,1000
19,19,0
20,19,961
21,19,759
22,19,861
23,19,2716
24,19,1645
25,19,977
26,19,2000
27,19,997
28,19,961
29,19,1047
30,19,977
31,19,723
32,19,1166
33,19,873
34,19,496
35,19,1368
36,19,603
37,19,1355
38,19,624
39,19,388
40,19,2019
41,19,951
42,19,1052
43,19,1523
44,19,1001
45,19,2692
46,19,1198
47,19,457
48,19,1108
49,19,2735
50,19,1759
51,19,969
52,19,959
53,19,713
54,19,1071
55,19,2474
56,19,1169
57,19,946
58,19,961
1,20,511
2,20,184
3,20,1523
4,20,26
5,20,692
6,20,480
7,20,203
8,20,34
9,20,1630
10,20,2726
11,20,729
12,20,985
13,20,845
14,20,696
15,20,314
16,20,214
17,20,4194
18,20,35
19,20,961
20,20,0
21,20,1084
22,20,1802
23,20,3629
24,20,672
25,20,32
26,20,1420
27,20,43
28,20,0
29,20,60
30,20,24
31,20,1372
32,20,475
33,20,648
34,20,1438
35,20,405
36,20,458
37,20,391
38,20,872
39,20,1222
40,20,1339
41,20,19
42,20,1809
43,20,550
44,20,1469
45,20,3605
46,20,2140
47,20,1083
48,20,180
49,20,3648
50,20,1079
51,20,14
52,20,14
53,20,277
54,20,846
55,20,3387
56,20,196
57,20,57
58,20,0
1,21,944
2,21,1181
3,21,1707
4,21,1104
5,21,1777
6,21,1284
7,21,883
8,21,1062
9,21,1814
10,21,1807
11,21,1814
12,21,790
13,21,372
14,21,1781
15,21,966
16,21,930
17,21,3275
18,21,1091
19,21,759
20,21,1084
21,21,0
22,21,979
23,21,2711
24,21,1188
25,21,1061
26,21,1337
27,21,1136
28,21,1087
29,21,1075
30,21,1116
31,21,479
32,21,874
33,21,441
34,21,871
35,21,1473
36,21,668
37,21,1292
38,21,269
39,21,563
40,21,1523
41,21,1095
42,21,892
43,21,1158
44,21,414
45,21,2687
46,21,1313
47,21,403
48,21,1271
49,21,2730
50,21,1263
51,21,1085
52,21,1102
53,21,1066
54,21,418
55,21,2470
56,21,1061
57,21,1098
58,21,1087
1,22,1877
2,22,1974
3,22,2684
4,22,1808
5,22,2242
6,22,1590
7,22,1774
8,22,1822
9,22,2791
10,22,960
11,22,2250
12,22,1779
13,22,955
14,22,2229
15,22,1520
16,22,1576
17,22,2428
18,22,1844
19,22,861
20,22,1802
21,22,979
22,22,0
23,22,1863
24,22,2168
25,22,1776
26,22,2330
27,22,1840
28,22,1803
29,22,1834
30,22,1820
31,22,517
32,22,1769
33,22,1336
34,22,373
35,22,2210
36,22,1316
37,22,2178
38,22,1116
39,22,617
40,22,2503
41,22,1794
42,22,219
43,22,2099
44,22,943
45,22,1839
46,22,345
47,22,708
48,22,1951
49,22,1882
50,22,2243
51,22,1812
52,22,1801
53,22,1556
54,22,1401
55,22,1621
56,22,1956
57,22,1734
58,22,1803
1,23,3609
2,23,3814
3,23,4416
4,23,3634
5,23,4097
6,23,3446
7,23,3505
8,23,3620
9,23,4523
10,23,910
11,23,4105
12,23,3511
13,23,2796
14,23,4085
15,23,3376
16,23,3416
17,23,625
18,23,3643
19,23,2716
20,23,3629
21,23,2711
22,23,1863
23,23,0
24,23,3902
25,23,3619
26,23,4064
27,23,3669
28,23,3631
29,23,3678
30,23,3648
31,23,2251
32,23,3503
33,23,3069
34,23,2230
35,23,4039
36,23,3159
37,23,3921
38,23,2837
39,23,2473
40,23,4237
41,23,3622
42,23,1823
43,23,3832
44,23,2539
45,23,473
46,23,1525
47,23,2551
48,23,3799
49,23,234
50,23,3977
51,23,3628
52,23,3630
53,23,3412
54,23,3135
55,23,247
56,23,3689
57,23,3577
58,23,3631
1,24,277
2,24,526
3,24,1135
4,24,693
5,24,1359
6,24,1148
7,24,663
8,24,656
9,24,1242
10,24,2997
11,24,1396
12,24,845
13,24,1297
14,24,1363
15,24,958
16,24,858
17,24,4464
18,24,647
19,24,1645
20,24,672
21,24,1188
22,24,2168
23,24,3902
24,24,0
25,24,664
26,24,1035
27,24,688
28,24,670
29,24,619
30,24,669
31,24,1667
32,24,394
33,24,776
34,24,1870
35,24,641
36,24,985
37,24,377
38,24,1097
39,24,1673
40,24,954
41,24,691
42,24,2079
43,24,128
44,24,1593
45,24,3875
46,24,2501
47,24,1534
48,24,847
49,24,3918
50,24,694
51,24,666
52,24,688
53,24,949
54,24,772
55,24,3657
56,24,491
57,24,699
58,24,670
1,25,498
2,25,193
3,25,1510
4,25,51
5,25,725
6,25,497
7,25,176
8,25,10
9,25,1617
10,25,2714
11,25,762
12,25,972
13,25,833
14,25,729
15,25,301
16,25,202
17,25,4181
18,25,36
19,25,977
20,25,32
21,25,1061
22,25,1776
23,25,3619
24,25,664
25,25,0
26,25,1411
27,25,72
28,25,38
29,25,55
30,25,56
31,25,1360
32,25,467
33,25,619
34,25,1463
35,25,428
36,25,446
37,25,404
38,25,842
39,25,1210
40,25,1331
41,25,45
42,25,1797
43,25,546
44,25,1439
45,25,3593
46,25,2114
47,25,1071
48,25,221
49,25,3636
50,25,1071
51,25,36
52,25,52
53,25,303
54,25,816
55,25,3375
56,25,191
57,25,53
58,25,38
1,26,920
2,26,1361
3,26,455
4,26,1446
5,26,2114
6,26,1892
7,26,1295
8,26,1400
9,26,485
10,26,3159
11,26,2151
12,26,549
13,26,1608
14,26,2118
15,26,1690
16,26,1591
17,26,4627
18,26,1402
19,26,2000
20,26,1420
21,26,1337
22,26,2330
23,26,4064
24,26,1035
25,26,1411
26,26,0
27,26,1449
28,26,1426
29,26,1388
30,26,1429
31,26,1825
32,26,1034
33,26,1144
34,26,2183
35,26,1632
36,26,1530
37,26,1369
38,26,1379
39,26,1902
40,26,311
41,26,1440
42,26,2238
43,26,1139
44,26,1739
45,26,4034
46,26,2659
47,26,1742
48,26,1607
49,26,4077
50,26,356
51,26,1427
52,26,1448
53,26,1698
54,26,930
55,26,3816
56,26,1250
57,26,1448
58,26,1426
1,27,534
2,27,193
3,27,1546
4,27,47
5,27,687
6,27,517
7,27,251
8,27,71
9,27,1653
10,27,2764
11,27,724
12,27,1008
13,27,882
14,27,691
15,27,351
16,27,252
17,27,4231
18,27,45
19,27,997
20,27,43
21,27,1136
22,27,1840
23,27,3669
24,27,688
25,27,72
26,27,1449
27,27,0
28,27,40
29,27,76
30,27,22
31,27,1410
32,27,499
33,27,697
34,27,1477
35,27,413
36,27,497
37,27,400
38,27,920
39,27,1261
40,27,1362
41,27,52
42,27,1848
43,27,566
44,27,1517
45,27,3643
46,27,2179
47,27,1121
48,27,175
49,27,3686
50,27,1102
51,27,37
52,27,42
53,27,316
54,27,868
55,27,3426
56,27,212
57,27,95
58,27,40
1,28,511
2,28,184
3,28,1523
4,28,26
5,28,692
6,28,480
7,28,203
8,28,34
9,28,1630
10,28,2726
11,28,729
12,28,985
13,28,845
14,28,696
15,28,314
16,28,214
17,28,4194
18,28,35
19,28,961
20,28,0
21,28,1087
22,28,1803
23,28,3631
24,28,670
25,28,38
26,28,1426
27,28,40
28,28,0
29,28,60
30,28,24
31,28,1372
32,28,475
33,28,648
34,28,1438
35,28,405
36,28,458
37,28,391
38,28,872
39,28,1222
40,28,1339
41,28,19
42,28,1809
43,28,550
44,28,1469
45,28,3605
46,28,2140
47,28,1083
48,28,180
49,28,3648
50,28,1079
51,28,14
52,28,14
53,28,277
54,28,846
55,28,3387
56,28,196
57,28,57
58,28,0
1,29,473
2,29,143
3,29,1485
4,29,81
5,29,747
6,29,536
7,29,191
8,29,44
9,29,1592
10,29,2773
11,29,784
12,29,947
13,29,891
14,29,751
15,29,360
16,29,261
17,29,4240
18,29,35
19,29,1047
20,29,60
21,29,1075
22,29,1834
23,29,3678
24,29,619
25,29,55
26,29,1388
27,29,76
28,29,60
29,29,0
30,29,55
31,29,1425
32,29,444
33,29,641
34,29,1496
35,29,413
36,29,512
37,29,348
38,29,865
39,29,1276
40,29,1307
41,29,77
42,29,1863
43,29,503
44,29,1462
45,29,3659
46,29,2179
47,29,1136
48,29,233
49,29,3702
50,29,1047
51,29,52
52,29,74
53,29,335
54,29,813
55,29,3441
56,29,149
57,29,85
58,29,56
1,30,515
2,30,174
3,30,1526
4,30,27
5,30,693
6,30,497
7,30,232
8,30,51
9,30,1633
10,30,2743
11,30,730
12,30,989
13,30,862
14,30,697
15,30,331
16,30,231
17,30,4211
18,30,25
19,30,977
20,30,24
21,30,1116
22,30,1820
23,30,3648
24,30,669
25,30,56
26,30,1429
27,30,22
28,30,24
29,30,55
30,30,0
31,30,1392
32,30,480
33,30,678
34,30,1459
35,30,394
36,30,479
37,30,382
38,30,902
39,30,1243
40,30,1344
41,30,34
42,30,1830
43,30,547
44,30,1498
45,30,3626
46,30,2161
47,30,1103
48,30,182
49,30,3669
50,30,1084
51,30,20
52,30,24
53,30,298
54,30,850
55,30,3408
56,30,193
57,30,77
58,30,22
1,31,1377
2,31,1557
3,31,2183
4,31,1377
5,31,2048
6,31,1409
7,31,1273
8,31,1363
9,31,2291
10,31,1346
11,31,2085
12,31,1278
13,31,539
14,31,2052
15,31,1217
16,31,1159
17,31,2814
18,31,1386
19,31,723
20,31,1372
21,31,479
22,31,517
23,31,2251
24,31,1667
25,31,1360
26,31,1825
27,31,1410
28,31,1372
29,31,1425
30,31,1392
31,31,0
32,31,1270
33,31,836
34,31,484
35,31,1781
36,31,901
37,31,1763
38,31,604
39,31,345
40,31,2004
41,31,1364
42,31,430
43,31,1599
44,31,382
45,31,2226
46,31,852
47,31,293
48,31,1541
49,31,2269
50,31,1744
51,31,1370
52,31,1371
53,31,1299
54,31,902
55,31,2008
56,31,1456
57,31,1319
58,31,1373
1,32,119
2,32,416
3,32,1131
4,32,502
5,32,1170
6,32,947
7,32,268
8,32,455
9,32,1238
10,32,2598
11,32,1207
12,32,648
13,32,948
14,32,1174
15,32,609
16,32,508
17,32,4065
18,32,457
19,32,1166
20,32,475
21,32,874
22,32,1769
23,32,3503
24,32,394
25,32,467
26,32,1034
27,32,499
28,32,475
29,32,444
30,32,480
31,32,1270
32,32,0
33,32,430
34,32,1524
35,32,682
36,32,614
37,32,419
38,32,751
39,32,1327
40,32,947
41,32,491
42,32,1678
43,32,344
44,32,1259
45,32,3474
46,32,2100
47,32,1188
48,32,658
49,32,3517
50,32,686
51,32,477
52,32,498
53,32,748
54,32,509
55,32,3256
56,32,300
57,32,499
58,32,476
1,33,541
2,33,745
3,33,1369
4,33,668
5,33,1341
6,33,1002
7,33,447
8,33,626
9,33,1476
10,33,2164
11,33,1378
12,33,598
13,33,529
14,33,1345
15,33,667
16,33,578
17,33,3632
18,33,655
19,33,873
20,33,648
21,33,441
22,33,1336
23,33,3069
24,33,776
25,33,619
26,33,1144
27,33,697
28,33,648
29,33,641
30,33,678
31,33,836
32,33,430
33,33,0
34,33,1104
35,33,1037
36,33,416
37,33,856
38,33,311
39,33,886
40,33,1192
41,33,659
42,33,1244
43,33,768
44,33,825
45,33,3040
46,33,1666
47,33,714
48,33,835
49,33,3083
50,33,932
51,33,649
52,33,666
53,33,804
54,33,235
55,33,2822
56,33,625
57,33,662
58,33,651
1,34,1635
2,34,1628
3,34,2482
4,34,1444
5,34,1878
6,34,1226
7,34,1388
8,34,1458
9,34,2589
10,34,1325
11,34,1885
12,34,1636
13,34,598
14,34,1865
15,34,1156
16,34,1207
17,34,2792
18,34,1479
19,34,496
20,34,1438
21,34,871
22,34,373
23,34,2230
24,34,1870
25,34,1463
26,34,2183
27,34,1477
28,34,1438
29,34,1496
30,34,1459
31,34,484
32,34,1524
33,34,1104
34,34,0
35,34,1848
36,34,949
37,34,1836
38,34,809
39,34,292
40,34,2299
41,34,1432
42,34,588
43,34,1854
44,34,885
45,34,2228
46,34,734
47,34,476
48,34,1589
49,34,2271
50,34,2038
51,34,1449
52,34,1439
53,34,1193
54,34,1255
55,34,2010
56,34,1590
57,34,1367
58,34,1441
1,35,718
2,35,382
3,35,1729
4,35,418
5,35,742
6,35,888
7,35,589
8,35,428
9,35,1836
10,35,3134
11,35,779
12,35,1346
13,35,1253
14,35,746
15,35,722
16,35,622
17,35,4602
18,35,402
19,35,1368
20,35,405
21,35,1473
22,35,2210
23,35,4039
24,35,641
25,35,428
26,35,1632
27,35,413
28,35,405
29,35,413
30,35,394
31,35,1781
32,35,682
33,35,1037
34,35,1848
35,35,0
36,35,869
37,35,268
38,35,1260
39,35,1633
40,35,1547
41,35,424
42,35,2220
43,35,521
44,35,1857
45,35,4016
46,35,2551
47,35,1493
48,35,431
49,35,4059
50,35,1287
51,35,396
52,35,414
53,35,688
54,35,1208
55,35,3798
56,35,499
57,35,467
58,35,404
1,36,750
2,36,644
3,36,1698
4,36,464
5,36,1135
6,36,614
7,36,444
8,36,449
9,36,1806
10,36,2254
11,36,1172
12,36,983
13,36,373
14,36,1139
15,36,282
16,36,246
17,36,3722
18,36,473
19,36,603
20,36,458
21,36,668
22,36,1316
23,36,3159
24,36,985
25,36,446
26,36,1530
27,36,497
28,36,458
29,36,512
30,36,479
31,36,901
32,36,614
33,36,416
34,36,949
35,36,869
36,36,0
37,36,851
38,36,409
39,36,752
40,36,1516
41,36,452
42,36,1339
43,36,983
44,36,1056
45,36,3134
46,36,1655
47,36,612
48,36,629
49,36,3177
50,36,1256
51,36,457
52,36,459
53,36,401
54,36,614
55,36,2916
56,36,629
57,36,407
58,36,461
1,37,454
2,37,226
3,37,1465
4,37,406
5,37,1071
6,37,875
7,37,534
8,37,392
9,37,1573
10,37,3016
11,37,1108
12,37,1045
13,37,1235
14,37,1075
15,37,704
16,37,605
17,37,4484
18,37,366
19,37,1355
20,37,391
21,37,1292
22,37,2178
23,37,3921
24,37,377
25,37,404
26,37,1369
27,37,400
28,37,391
29,37,348
30,37,382
31,37,1763
32,37,419
33,37,856
34,37,1836
35,37,268
36,37,851
37,37,0
38,37,1203
39,37,1614
40,37,1282
41,37,410
42,37,2095
43,37,255
44,37,1676
45,37,3890
46,37,2518
47,37,1475
48,37,558
49,37,3933
50,37,1022
51,37,377
52,37,399
53,37,674
54,37,968
55,37,3672
56,37,341
57,37,434
58,37,390
1,38,862
2,38,969
3,38,1737
4,38,891
5,38,1531
6,38,1059
7,38,671
8,38,850
9,38,1845
10,38,1932
11,38,1568
12,38,832
13,38,232
14,38,1535
15,38,703
16,38,667
17,38,3400
18,38,879
19,38,624
20,38,872
21,38,269
22,38,1116
23,38,2837
24,38,1097
25,38,842
26,38,1379
27,38,920
28,38,872
29,38,865
30,38,902
31,38,604
32,38,751
33,38,311
34,38,809
35,38,1260
36,38,409
37,38,1203
38,38,0
39,38,577
40,38,1557
41,38,887
42,38,1014
43,38,1084
44,38,654
45,38,2810
46,38,1436
47,38,405
48,38,1063
49,38,2853
50,38,1297
51,38,878
52,38,894
53,38,811
54,38,455
55,38,2592
56,38,853
57,38,832
58,38,880
1,39,1439
2,39,1408
3,39,2260
4,39,1228
5,39,1899
6,39,1124
7,39,1191
8,39,1213
9,39,2367
10,39,1568
11,39,1936
12,39,1355
13,39,389
14,39,1903
15,39,1030
16,39,1010
17,39,3036
18,39,1237
19,39,388
20,39,1222
21,39,563
22,39,617
23,39,2473
24,39,1673
25,39,1210
26,39,1902
27,39,1261
28,39,1222
29,39,1276
30,39,1243
31,39,345
32,39,1327
33,39,886
34,39,292
35,39,1633
36,39,752
37,39,1614
38,39,577
39,39,0
40,39,2102
41,39,1216
42,39,751
43,39,1657
44,39,725
45,39,2455
46,39,961
47,39,186
48,39,1393
49,39,2498
50,39,1842
51,39,1222
52,39,1224
53,39,1091
54,39,1020
55,39,2237
56,39,1393
57,39,1171
58,39,1225
1,40,839
2,40,1280
3,40,189
4,40,1366
5,40,2034
6,40,1811
7,40,1214
8,40,1319
9,40,296
10,40,3332
11,40,2071
12,40,723
13,40,1722
14,40,2038
15,40,1610
16,40,1510
17,40,4800
18,40,1321
19,40,2019
20,40,1339
21,40,1523
22,40,2503
23,40,4237
24,40,954
25,40,1331
26,40,311
27,40,1362
28,40,1339
29,40,1307
30,40,1344
31,40,2004
32,40,947
33,40,1192
34,40,2299
35,40,1547
36,40,1516
37,40,1282
38,40,1557
39,40,2102
40,40,0
41,40,1351
42,40,2410
43,40,1049
44,40,1923
45,40,4206
46,40,2832
47,40,1914
48,40,1518
49,40,4249
50,40,266
51,40,1337
52,40,1358
53,40,1609
54,40,1102
55,40,3988
56,40,1160
57,40,1359
58,40,1336
1,41,526
2,41,203
3,41,1537
4,41,19
5,41,693
6,41,471
7,41,210
8,41,40
9,41,1645
10,41,2717
11,41,730
12,41,1000
13,41,836
14,41,697
15,41,305
16,41,205
17,41,4185
18,41,55
19,41,951
20,41,19
21,41,1095
22,41,1794
23,41,3622
24,41,691
25,41,45
26,41,1440
27,41,52
28,41,19
29,41,77
30,41,34
31,41,1364
32,41,491
33,41,659
34,41,1432
35,41,424
36,41,452
37,41,410
38,41,887
39,41,1216
40,41,1351
41,41,0
42,41,1806
43,41,572
44,41,1479
45,41,3602
46,41,2137
47,41,1079
48,41,186
49,41,3645
50,41,1097
51,41,34
52,41,17
53,41,274
54,41,856
55,41,3384
56,41,218
57,41,53
58,41,26
1,42,1789
2,42,1995
3,42,2596
4,42,1815
5,42,2486
6,42,1782
7,42,1686
8,42,1800
9,42,2703
10,42,918
11,42,2523
12,42,1691
13,42,976
14,42,2490
15,42,1712
16,42,1597
17,42,2386
18,42,1824
19,42,1052
20,42,1809
21,42,892
22,42,219
23,42,1823
24,42,2079
25,42,1797
26,42,2238
27,42,1848
28,42,1809
29,42,1863
30,42,1830
31,42,430
32,42,1678
33,42,1244
34,42,588
35,42,2220
36,42,1339
37,42,2095
38,42,1014
39,42,751
40,42,2410
41,42,1806
42,42,0
43,42,2010
44,42,730
45,42,1796
46,42,422
47,42,729
48,42,1977
49,42,1839
50,42,2155
51,42,1806
52,42,1807
53,42,1747
54,42,1312
55,42,1578
56,42,1867
57,42,1755
58,42,1809
1,43,258
2,43,404
3,43,1235
4,43,571
5,43,1237
6,43,1026
7,43,545
8,43,534
9,43,1343
10,43,2927
11,43,1274
12,43,815
13,43,1277
14,43,1241
15,43,837
16,43,737
17,43,4395
18,43,525
19,43,1523
20,43,550
21,43,1158
22,43,2099
23,43,3832
24,43,128
25,43,546
26,43,1139
27,43,566
28,43,550
29,43,503
30,43,547
31,43,1599
32,43,344
33,43,768
34,43,1854
35,43,521
36,43,983
37,43,255
38,43,1084
39,43,1657
40,43,1049
41,43,572
42,43,2010
43,43,0
44,43,1560
45,43,3802
46,43,2428
47,43,1516
48,43,726
49,43,3845
50,43,793
51,43,545
52,43,567
53,43,828
54,43,739
55,43,3584
56,43,370
57,43,578
58,43,549
1,44,1346
2,44,1566
3,44,2109
4,44,1488
5,44,2162
6,44,1635
7,44,1267
8,44,1447
9,44,2217
10,44,1634
11,44,2199
12,44,1193
13,44,723
14,44,2166
15,44,1350
16,44,1314
17,44,3102
18,44,1476
19,44,1001
20,44,1469
21,44,414
22,44,943
23,44,2539
24,44,1593
25,44,1439
26,44,1739
27,44,1517
28,44,1469
29,44,1462
30,44,1498
31,44,382
32,44,1259
33,44,825
34,44,885
35,44,1857
36,44,1056
37,44,1676
38,44,654
39,44,725
40,44,1923
41,44,1479
42,44,730
43,44,1560
44,44,0
45,44,2514
46,44,1140
47,44,560
48,44,1655
49,44,2557
50,44,1665
51,44,1469
52,44,1486
53,44,1450
54,44,820
55,44,2297
56,44,1445
57,44,1482
58,44,1471
1,45,3585
2,45,3791
3,45,4392
4,45,3610
5,45,4074
6,45,3422
7,45,3482
8,45,3596
9,45,4499
10,45,886
11,45,4081
12,45,3487
13,45,2772
14,45,4061
15,45,3352
16,45,3393
17,45,957
18,45,3619
19,45,2692
20,45,3605
21,45,2687
22,45,1839
23,45,473
24,45,3875
25,45,3593
26,45,4034
27,45,3643
28,45,3605
29,45,3659
30,45,3626
31,45,2226
32,45,3474
33,45,3040
34,45,2228
35,45,4016
36,45,3134
37,45,3890
38,45,2810
39,45,2455
40,45,4206
41,45,3602
42,45,1796
43,45,3802
44,45,2514
45,45,0
46,45,1499
47,45,2525
48,45,3773
49,45,408
50,45,3951
51,45,3602
52,45,3604
53,45,3386
54,45,3109
55,45,248
56,45,3663
57,45,3551
58,45,3605
1,46,2211
2,46,2311
3,46,3018
4,46,2146
5,46,2580
6,46,1928
7,46,2108
8,46,2160
9,46,3125
10,46,620
11,46,2587
12,46,2113
13,46,1293
14,46,2567
15,46,1858
16,46,1913
17,46,2088
18,46,2181
19,46,1198
20,46,2140
21,46,1313
22,46,345
23,46,1525
24,46,2501
25,46,2114
26,46,2659
27,46,2179
28,46,2140
29,46,2179
30,46,2161
31,46,852
32,46,2100
33,46,1666
34,46,734
35,46,2551
36,46,1655
37,46,2518
38,46,1436
39,46,961
40,46,2832
41,46,2137
42,46,422
43,46,2428
44,46,1140
45,46,1499
46,46,0
47,46,1044
48,46,2287
49,46,1542
50,46,2576
51,46,2148
52,46,2138
53,46,1892
54,46,1734
55,46,1281
56,46,2293
57,46,2070
58,46,2140
1,47,1299
2,47,1268
3,47,2100
4,47,1088
5,47,1759
6,47,1120
7,47,1052
8,47,1074
9,47,2207
10,47,1646
11,47,1796
12,47,1195
13,47,250
14,47,1763
15,47,928
16,47,870
17,47,3114
18,47,1097
19,47,457
20,47,1083
21,47,403
22,47,708
23,47,2551
24,47,1534
25,47,1071
26,47,1742
27,47,1121
28,47,1083
29,47,1136
30,47,1103
31,47,293
32,47,1188
33,47,714
34,47,476
35,47,1493
36,47,612
37,47,1475
38,47,405
39,47,186
40,47,1914
41,47,1079
42,47,729
43,47,1516
44,47,560
45,47,2525
46,47,1044
47,47,0
48,47,1250
49,47,2570
50,47,1643
51,47,1079
52,47,1081
53,47,1008
54,47,800
55,47,2309
56,47,1250
57,47,1028
58,47,1082
1,48,692
2,48,352
3,48,1704
4,48,177
5,48,519
6,48,509
7,48,386
8,48,216
9,48,1811
10,48,2894
11,48,556
12,48,1166
13,48,1013
14,48,523
15,48,482
16,48,382
17,48,4362
18,48,203
19,48,1108
20,48,180
21,48,1271
22,48,1951
23,48,3799
24,48,847
25,48,221
26,48,1607
27,48,175
28,48,180
29,48,233
30,48,182
31,48,1541
32,48,658
33,48,835
34,48,1589
35,48,431
36,48,629
37,48,558
38,48,1063
39,48,1393
40,48,1518
41,48,186
42,48,1977
43,48,726
44,48,1655
45,48,3773
46,48,2287
47,48,1250
48,48,0
49,48,3813
50,48,1261
51,48,189
52,48,169
53,48,328
54,48,1027
55,48,3552
56,48,371
57,48,224
58,48,180
1,49,3628
2,49,3834
3,49,4435
4,49,3653
5,49,4117
6,49,3465
7,49,3525
8,49,3639
9,49,4542
10,49,929
11,49,4124
12,49,3530
13,49,2815
14,49,4104
15,49,3395
16,49,3436
17,49,570
18,49,3662
19,49,2735
20,49,3648
21,49,2730
22,49,1882
23,49,234
24,49,3918
25,49,3636
26,49,4077
27,49,3686
28,49,3648
29,49,3702
30,49,3669
31,49,2269
32,49,3517
33,49,3083
34,49,2271
35,49,4059
36,49,3177
37,49,3933
38,49,2853
39,49,2498
40,49,4249
41,49,3645
42,49,1839
43,49,3845
44,49,2557
45,49,408
46,49,1542
47,49,2570
48,49,3813
49,49,0
50,49,3996
51,49,3647
52,49,3649
53,49,3431
54,49,3154
55,49,266
56,49,3709
57,49,3596
58,49,3651
1,50,579
2,50,1020
3,50,452
4,50,1105
5,50,1773
6,50,1551
7,50,954
8,50,1059
9,50,560
10,50,3072
11,50,1810
12,50,463
13,50,1462
14,50,1777
15,50,1350
16,50,1250
17,50,4540
18,50,1061
19,50,1759
20,50,1079
21,50,1263
22,50,2243
23,50,3977
24,50,694
25,50,1071
26,50,356
27,50,1102
28,50,1079
29,50,1047
30,50,1084
31,50,1744
32,50,686
33,50,932
34,50,2038
35,50,1287
36,50,1256
37,50,1022
38,50,1297
39,50,1842
40,50,266
41,50,1097
42,50,2155
43,50,793
44,50,1665
45,50,3951
46,50,2576
47,50,1643
48,50,1261
49,50,3996
50,50,0
51,50,1074
52,50,1095
53,50,1345
54,50,839
55,50,3724
56,50,897
57,50,1096
58,50,1073
1,51,512
2,51,171
3,51,1523
4,51,35
5,51,701
6,51,489
7,51,201
8,51,30
9,51,1631
10,51,2723
11,51,738
12,51,986
13,51,842
14,51,705
15,51,311
16,51,211
17,51,4190
18,51,22
19,51,969
20,51,14
21,51,1085
22,51,1812
23,51,3628
24,51,666
25,51,36
26,51,1427
27,51,37
28,51,14
29,51,52
30,51,20
31,51,1370
32,51,477
33,51,649
34,51,1449
35,51,396
36,51,457
37,51,377
38,51,878
39,51,1222
40,51,1337
41,51,34
42,51,1806
43,51,545
44,51,1469
45,51,3602
46,51,2148
47,51,1079
48,51,189
49,51,3647
50,51,1074
51,51,0
52,51,24
53,51,287
54,51,835
55,51,3385
56,51,183
57,51,55
58,51,14
1,52,533
2,52,193
3,52,1544
4,52,8
5,52,681
6,52,478
7,52,217
8,52,47
9,52,1652
10,52,2725
11,52,718
12,52,1007
13,52,844
14,52,685
15,52,312
16,52,213
17,52,4192
18,52,44
19,52,959
20,52,14
21,52,1102
22,52,1801
23,52,3630
24,52,688
25,52,52
26,52,1448
27,52,42
28,52,14
29,52,74
30,52,24
31,52,1371
32,52,498
33,52,666
34,52,1439
35,52,414
36,52,459
37,52,399
38,52,894
39,52,1224
40,52,1358
41,52,17
42,52,1807
43,52,567
44,52,1486
45,52,3604
46,52,2138
47,52,1081
48,52,169
49,52,3649
50,52,1095
51,52,24
52,52,0
53,52,278
54,52,860
55,52,3387
56,52,210
57,52,57
58,52,19
1,53,783
2,53,467
3,53,1795
4,53,283
5,53,835
6,53,203
7,53,481
8,53,297
9,53,1902
10,53,2507
11,53,812
12,53,1257
13,53,820
14,53,791
15,53,133
16,53,239
17,53,3975
18,53,319
19,53,713
20,53,277
21,53,1066
22,53,1556
23,53,3412
24,53,949
25,53,303
26,53,1698
27,53,316
28,53,277
29,53,335
30,53,298
31,53,1299
32,53,748
33,53,804
34,53,1193
35,53,688
36,53,401
37,53,674
38,53,811
39,53,1091
40,53,1609
41,53,274
42,53,1747
43,53,828
44,53,1450
45,53,3386
46,53,1892
47,53,1008
48,53,328
49,53,3431
50,53,1345
51,53,287
52,53,278
53,53,0
54,53,996
55,53,3170
56,53,471
57,53,307
58,53,279
1,54,525
2,54,866
3,54,1288
4,54,865
5,54,1539
6,54,1197
7,54,644
8,54,825
9,54,1396
10,54,2230
11,54,1576
12,54,383
13,54,679
14,54,1543
15,54,865
16,54,775
17,54,3697
18,54,827
19,54,1071
20,54,846
21,54,418
22,54,1401
23,54,3135
24,54,772
25,54,816
26,54,930
27,54,868
28,54,846
29,54,813
30,54,850
31,54,902
32,54,509
33,54,235
34,54,1255
35,54,1208
36,54,614
37,54,968
38,54,455
39,54,1020
40,54,1102
41,54,856
42,54,1312
43,54,739
44,54,820
45,54,3109
46,54,1734
47,54,800
48,54,1027
49,54,3154
50,54,839
51,54,835
52,54,860
53,54,996
54,54,0
55,54,2886
56,54,742
57,54,860
58,54,848
1,55,3367
2,55,3573
3,55,4174
4,55,3392
5,55,3856
6,55,3204
7,55,3264
8,55,3378
9,55,4281
10,55,668
11,55,3863
12,55,3269
13,55,2554
14,55,3843
15,55,3134
16,55,3175
17,55,809
18,55,3402
19,55,2474
20,55,3387
21,55,2470
22,55,1621
23,55,247
24,55,3657
25,55,3375
26,55,3816
27,55,3426
28,55,3387
29,55,3441
30,55,3408
31,55,2008
32,55,3256
33,55,2822
34,55,2010
35,55,3798
36,55,2916
37,55,3672
38,55,2592
39,55,2237
40,55,3988
41,55,3384
42,55,1578
43,55,3584
44,55,2297
45,55,248
46,55,1281
47,55,2309
48,55,3552
49,55,266
50,55,3724
51,55,3385
52,55,3387
53,55,3170
54,55,2886
55,55,0
56,55,3444
57,55,3332
58,55,3386
1,56,335
2,56,135
3,56,1346
4,56,217
5,56,883
6,56,672
7,56,182
8,56,180
9,56,1454
10,56,2784
11,56,920
12,56,882
13,56,1013
14,56,887
15,56,482
16,56,382
17,56,4252
18,56,171
19,56,1169
20,56,196
21,56,1061
22,56,1956
23,56,3689
24,56,491
25,56,191
26,56,1250
27,56,212
28,56,196
29,56,149
30,56,193
31,56,1456
32,56,300
33,56,625
34,56,1590
35,56,499
36,56,629
37,56,341
38,56,853
39,56,1393
40,56,1160
41,56,218
42,56,1867
43,56,370
44,56,1445
45,56,3663
46,56,2293
47,56,1250
48,56,371
49,56,3709
50,56,897
51,56,183
52,56,210
53,56,471
54,56,742
55,56,3444
56,56,0
57,56,223
58,56,194
1,57,534
2,57,228
3,57,1545
4,57,62
5,57,736
6,57,508
7,57,214
8,57,48
9,57,1653
10,57,2672
11,57,773
12,57,1008
13,57,791
14,57,740
15,57,260
16,57,160
17,57,4140
18,57,71
19,57,946
20,57,57
21,57,1098
22,57,1734
23,57,3577
24,57,699
25,57,53
26,57,1448
27,57,95
28,57,57
29,57,85
30,57,77
31,57,1319
32,57,499
33,57,662
34,57,1367
35,57,467
36,57,407
37,57,434
38,57,832
39,57,1171
40,57,1359
41,57,53
42,57,1755
43,57,578
44,57,1482
45,57,3551
46,57,2070
47,57,1028
48,57,224
49,57,3596
50,57,1096
51,57,55
52,57,57
53,57,307
54,57,860
55,57,3332
56,57,223
57,57,0
58,57,58
1,58,511
2,58,184
3,58,1523
4,58,26
5,58,692
6,58,480
7,58,203
8,58,34
9,58,1630
10,58,2726
11,58,729
12,58,985
13,58,845
14,58,696
15,58,314
16,58,214
17,58,4194
18,58,35
19,58,961
20,58,0
21,58,1087
22,58,1803
23,58,3631
24,58,670
25,58,38
26,58,1426
27,58,40
28,58,0
29,58,56
30,58,22
31,58,1373
32,58,476
33,58,651
34,58,1441
35,58,404
36,58,461
37,58,390
38,58,880
39,58,1225
40,58,1336
41,58,26
42,58,1809
43,58,549
44,58,1471
45,58,3605
46,58,2140
47,58,1082
48,58,180
49,58,3651
50,58,1073
51,58,14
52,58,19
53,58,279
54,58,848
55,58,3386
56,58,194
57,58,58
58,58,0
106-4-1,106-4-1,0
1,106-4-1,538
106-4-1,1,538
2,106-4-1,198
106-4-1,2,198
3,106-4-1,1550
106-4-1,3,1550
4,106-4-1,0
106-4-1,4,0
5,106-4-1,677
106-4-1,5,677
6,106-4-1,483
106-4-1,6,483
7,106-4-1,221
106-4-1,7,221
8,106-4-1,51
106-4-1,8,51
9,106-4-1,1656
106-4-1,9,1656
10,106-4-1,2732
106-4-1,10,2732
11,106-4-1,728
106-4-1,11,728
12,106-4-1,1011
106-4-1,12,1011
13,106-4-1,850
106-4-1,13,850
14,106-4-1,694
106-4-1,14,694
15,106-4-1,316
106-4-1,15,316
16,106-4-1,216
106-4-1,16,216
17,106-4-1,4161
106-4-1,17,4161
18,106-4-1,52
106-4-1,18,52
19,106-4-1,964
106-4-1,19,964
20,106-4-1,26
106-4-1,20,26
21,106-4-1,1104
106-4-1,21,1104
22,106-4-1,1808
106-4-1,22,1808
23,106-4-1,3634
106-4-1,23,3634
24,106-4-1,693
106-4-1,24,693
25,106-4-1,51
106-4-1,25,51
26,106-4-1,1446
106-4-1,26,1446
27,106-4-1,47
106-4-1,27,47
28,106-4-1,26
106-4-1,28,26
29,106-4-1,81
106-4-1,29,81
30,106-4-1,27
106-4-1,30,27
31,106-4-1,1377
106-4-1,31,1377
32,106-4-1,502
106-4-1,32,502
33,106-4-1,668
106-4-1,33,668
34,106-4-1,1444
106-4-1,34,1444
35,106-4-1,418
106-4-1,35,418
36,106-4-1,464
106-4-1,36,464
37,106-4-1,406
106-4-1,37,406
38,106-4-1,891
106-4-1,38,891
39,106-4-1,1228
106-4-1,39,1228
40,106-4-1,1366
106-4-1,40,1366
41,106-4-1,19
106-4-1,41,19
42,106-4-1,1815
106-4-1,42,1815
43,106-4-1,571
106-4-1,43,571
44,106-4-1,1488
106-4-1,44,1488
45,106-4-1,3610
106-4-1,45,3610
46,106-4-1,2146
106-4-1,46,2146
47,106-4-1,1088
106-4-1,47,1088
48,106-4-1,177
106-4-1,48,177
49,106-4-1,3653
106-4-1,49,3653
50,106-4-1,1105
106-4-1,50,1105
51,106-4-1,35
106-4-1,51,35
52,106-4-1,8
106-4-1,52,8
53,106-4-1,283
106-4-1,53,283
54,106-4-1,865
106-4-1,54,865
55,106-4-1,3392
106-4-1,55,3392
56,106-4-1,217
106-4-1,56,217
57,106-4-1,62
106-4-1,57,62
58,106-4-1,26
106-4-1,58,26
106-4-1,106-4-1,0
106-4-1,106-4-1,0
106-4-1,106-4-2,0
106-4-2,106-4-1,0
106-4-1,107-4-1,0
107-4-1,106-4-1,0
106-4-1,107-4-2,0
107-4-2,106-4-1,0
106-4-1,110-8-1,51
110-8-1,106-4-1,51
106-4-1,110-8-2,51
110-8-2,106-4-1,51
106-4-1,110-41-1,19
110-41-1,106-4-1,19
106-4-1,110-41-2,19
110-41-2,106-4-1,19
106-4-1,110-51-1,35
110-51-1,106-4-1,35
106-4-1,110-51-2,35
110-51-2,106-4-1,35
106-4-2,106-4-2,0
1,106-4-2,538
106-4-2,1,538
2,106-4-2,198
106-4-2,2,198
3,106-4-2,1550
106-4-2,3,1550
4,106-4-2,0
106-4-2,4,0
5,106-4-2,677
106-4-2,5,677
6,106-4-2,483
106-4-2,6,483
7,106-4-2,221
106-4-2,7,221
8,106-4-2,51
106-4-2,8,51
9,106-4-2,1656
106-4-2,9,1656
10,106-4-2,2732
106-4-2,10,2732
11,106-4-2,728
106-4-2,11,728
12,106-4-2,1011
106-4-2,12,1011
13,106-4-2,850
106-4-2,13,850
14,106-4-2,694
106-4-2,14,694
15,106-4-2,316
106-4-2,15,316
16,106-4-2,216
106-4-2,16,216
17,106-4-2,4161
106-4-2,17,4161
18,106-4-2,52
106-4-2,18,52
19,106-4-2,964
106-4-2,19,964
20,106-4-2,26
106-4-2,20,26
21,106-4-2,1104
106-4-2,21,1104
22,106-4-2,1808
106-4-2,22,1808
23,106-4-2,3634
106-4-2,23,3634
24,106-4-2,693
106-4-2,24,693
25,106-4-2,51
106-4-2,25,51
26,106-4-2,1446
106-4-2,26,1446
27,106-4-2,47
106-4-2,27,47
28,106-4-2,26
106-4-2,28,26
29,106-4-2,81
106-4-2,29,81
30,106-4-2,27
106-4-2,30,27
31,106-4-2,1377
106-4-2,31,1377
32,106-4-2,502
106-4-2,32,502
33,106-4-2,668
106-4-2,33,668
34,106-4-2,1444
106-4-2,34,1444
35,106-4-2,418
106-4-2,35,418
36,106-4-2,464
106-4-2,36,464
37,106-4-2,406
106-4-2,37,406
38,106-4-2,891
106-4-2,38,891
39,106-4-2,1228
106-4-2,39,1228
40,106-4-2,1366
106-4-2,40,1366
41,106-4-2,19
106-4-2,41,19
42,106-4-2,1815
106-4-2,42,1815
43,106-4-2,571
106-4-2,43,571
44,106-4-2,1488
106-4-2,44,1488
45,106-4-2,3610
106-4-2,45,3610
46,106-4-2,2146
106-4-2,46,2146
47,106-4-2,1088
106-4-2,47,1088
48,106-4-2,177
106-4-2,48,177
49,106-4-2,3653
106-4-2,49,3653
50,106-4-2,1105
106-4-2,50,1105
51,106-4-2,35
106-4-2,51,35
52,106-4-2,8
106-4-2,52,8
53,106-4-2,283
106-4-2,53,283
54,106-4-2,865
106-4-2,54,865
55,106-4-2,3392
106-4-2,55,3392
56,106-4-2,217
106-4-2,56,217
57,106-4-2,62
106-4-2,57,62
58,106-4-2,26
106-4-2,58,26
106-4-2,106-4-1,0
106-4-1,106-4-2,0
106-4-2,106-4-2,0
106-4-2,106-4-2,0
106-4-2,107-4-1,0
107-4-1,106-4-2,0
106-4-2,107-4-2,0
107-4-2,106-4-2,0
106-4-2,110-8-1,51
110-8-1,106-4-2,51
106-4-2,110-8-2,51
110-8-2,106-4-2,51
106-4-2,110-41-1,19
110-41-1,106-4-2,19
106-4-2,110-41-2,19
110-41-2,106-4-2,19
106-4-2,110-51-1,35
110-51-1,106-4-2,35
106-4-2,110-51-2,35
110-51-2,106-4-2,35
107-4-1,107-4-1,0
1,107-4-1,538
107-4-1,1,538
2,107-4-1,198
107-4-1,2,198
3,107-4-1,1550
107-4-1,3,1550
4,107-4-1,0
107-4-1,4,0
5,107-4-1,677
107-4-1,5,677
6,107-4-1,483
107-4-1,6,483
7,107-4-1,221
107-4-1,7,221
8,107-4-1,51
107-4-1,8,51
9,107-4-1,1656
107-4-1,9,1656
10,107-4-1,2732
107-4-1,10,2732
11,107-4-1,728
107-4-1,11,728
12,107-4-1,1011
107-4-1,12,1011
13,107-4-1,850
107-4-1,13,850
14,107-4-1,694
107-4-1,14,694
15,107-4-1,316
107-4-1,15,316
16,107-4-1,216
107-4-1,16,216
17,107-4-1,4161
107-4-1,17,4161
18,107-4-1,52
107-4-1,18,52
19,107-4-1,964
107-4-1,19,964
20,107-4-1,26
107-4-1,20,26
21,107-4-1,1104
107-4-1,21,1104
22,107-4-1,1808
107-4-1,22,1808
23,107-4-1,3634
107-4-1,23,3634
24,107-4-1,693
107-4-1,24,693
25,107-4-1,51
107-4-1,25,51
26,107-4-1,1446
107-4-1,26,1446
27,107-4-1,47
107-4-1,27,47
28,107-4-1,26
107-4-1,28,26
29,107-4-1,81
107-4-1,29,81
30,107-4-1,27
107-4-1,30,27
31,107-4-1,1377
107-4-1,31,1377
32,107-4-1,502
107-4-1,32,502
33,107-4-1,668
107-4-1,33,668
34,107-4-1,1444
107-4-1,34,1444
35,107-4-1,418
107-4-1,35,418
36,107-4-1,464
107-4-1,36,464
37,107-4-1,406
107-4-1,37,406
38,107-4-1,891
107-4-1,38,891
39,107-4-1,1228
107-4-1,39,1228
40,107-4-1,1366
107-4-1,40,1366
41,107-4-1,19
107-4-1,41,19
42,107-4-1,1815
107-4-1,42,1815
43,107-4-1,571
107-4-1,43,571
44,107-4-1,1488
107-4-1,44,1488
45,107-4-1,3610
107-4-1,45,3610
46,107-4-1,2146
107-4-1,46,2146
47,107-4-1,1088
107-4-1,47,1088
48,107-4-1,177
107-4-1,48,177
49,107-4-1,3653
107-4-1,49,3653
50,107-4-1,1105
107-4-1,50,1105
51,107-4-1,35
107-4-1,51,35
52,107-4-1,8
107-4-1,52,8
53,107-4-1,283
107-4-1,53,283
54,107-4-1,865
107-4-1,54,865
55,107-4-1,3392
107-4-1,55,3392
56,107-4-1,217
107-4-1,56,217
57,107-4-1,62
107-4-1,57,62
58,107-4-1,26
107-4-1,58,26
107-4-1,106-4-1,0
106-4-1,107-4-1,0
107-4-1,106-4-2,0
106-4-2,107-4-1,0
107-4-1,107-4-1,0
107-4-1,107-4-1,0
107-4-1,107-4-2,0
107-4-2,107-4-1,0
107-4-1,110-8-1,51
110-8-1,107-4-1,51
107-4-1,110-8-2,51
110-8-2,107-4-1,51
107-4-1,110-41-1,19
110-41-1,107-4-1,19
107-4-1,110-41-2,19
110-41-2,107-4-1,19
107-4-1,110-51-1,35
110-51-1,107-4-1,35
107-4-1,110-51-2,35
110-51-2,107-4-1,35
107-4-2,107-4-2,0
1,107-4-2,538
107-4-2,1,538
2,107-4-2,198
107-4-2,2,198
3,107-4-2,1550
107-4-2,3,1550
4,107-4-2,0
107-4-2,4,0
5,107-4-2,677
107-4-2,5,677
6,107-4-2,483
107-4-2,6,483
7,107-4-2,221
107-4-2,7,221
8,107-4-2,51
107-4-2,8,51
9,107-4-2,1656
107-4-2,9,1656
10,107-4-2,2732
107-4-2,10,2732
11,107-4-2,728
107-4-2,11,728
12,107-4-2,1011
107-4-2,12,1011
13,107-4-2,850
107-4-2,13,850
14,107-4-2,694
107-4-2,14,694
15,107-4-2,316
107-4-2,15,316
16,107-4-2,216
107-4-2,16,216
17,107-4-2,4161
107-4-2,17,4161
18,107-4-2,52
107-4-2,18,52
19,107-4-2,964
107-4-2,19,964
20,107-4-2,26
107-4-2,20,26
21,107-4-2,1104
107-4-2,21,1104
22,107-4-2,1808
107-4-2,22,1808
23,107-4-2,3634
107-4-2,23,3634
24,107-4-2,693
107-4-2,24,693
25,107-4-2,51
107-4-2,25,51
26,107-4-2,1446
107-4-2,26,1446
27,107-4-2,47
107-4-2,27,47
28,107-4-2,26
107-4-2,28,26
29,107-4-2,81
107-4-2,29,81
30,107-4-2,27
107-4-2,30,27
31,107-4-2,1377
107-4-2,31,1377
32,107-4-2,502
107-4-2,32,502
33,107-4-2,668
107-4-2,33,668
34,107-4-2,1444
107-4-2,34,1444
35,107-4-2,418
107-4-2,35,418
36,107-4-2,464
107-4-2,36,464
37,107-4-2,406
107-4-2,37,406
38,107-4-2,891
107-4-2,38,891
39,107-4-2,1228
107-4-2,39,1228
40,107-4-2,1366
107-4-2,40,1366
41,107-4-2,19
107-4-2,41,19
42,107-4-2,1815
107-4-2,42,1815
43,107-4-2,571
107-4-2,43,571
44,107-4-2,1488
107-4-2,44,1488
45,107-4-2,3610
107-4-2,45,3610
46,107-4-2,2146
107-4-2,46,2146
47,107-4-2,1088
107-4-2,47,1088
48,107-4-2,177
107-4-2,48,177
49,107-4-2,3653
107-4-2,49,3653
50,107-4-2,1105
107-4-2,50,1105
51,107-4-2,35
107-4-2,51,35
52,107-4-2,8
107-4-2,52,8
53,107-4-2,283
107-4-2,53,283
54,107-4-2,865
107-4-2,54,865
55,107-4-2,3392
107-4-2,55,3392
56,107-4-2,217
107-4-2,56,217
57,107-4-2,62
107-4-2,57,62
58,107-4-2,26
107-4-2,58,26
107-4-2,106-4-1,0
106-4-1,107-4-2,0
107-4-2,106-4-2,0
106-4-2,107-4-2,0
107-4-2,107-4-1,0
107-4-1,107-4-2,0
107-4-2,107-4-2,0
107-4-2,107-4-2,0
107-4-2,110-8-1,51
110-8-1,107-4-2,51
107-4-2,110-8-2,51
110-8-2,107-4-2,51
107-4-2,110-41-1,19
110-41-1,107-4-2,19
107-4-2,110-41-2,19
110-41-2,107-4-2,19
107-4-2,110-51-1,35
110-51-1,107-4-2,35
107-4-2,110-51-2,35
110-51-2,107-4-2,35
110-8-1,110-8-1,0
1,110-8-1,492
110-8-1,1,492
2,110-8-1,186
110-8-1,2,186
3,110-8-1,1503
110-8-1,3,1503
4,110-8-1,51
110-8-1,4,51
5,110-8-1,725
110-8-1,5,725
6,110-8-1,497
110-8-1,6,497
7,110-8-1,182
110-8-1,7,182
8,110-8-1,0
110-8-1,8,0
9,110-8-1,1609
110-8-1,9,1609
10,110-8-1,2718
110-8-1,10,2718
11,110-8-1,766
110-8-1,11,766
12,110-8-1,965
110-8-1,12,965
13,110-8-1,835
110-8-1,13,835
14,110-8-1,732
110-8-1,14,732
15,110-8-1,302
110-8-1,15,302
16,110-8-1,202
110-8-1,16,202
17,110-8-1,4146
110-8-1,17,4146
18,110-8-1,32
110-8-1,18,32
19,110-8-1,987
110-8-1,19,987
20,110-8-1,34
110-8-1,20,34
21,110-8-1,1062
110-8-1,21,1062
22,110-8-1,1822
110-8-1,22,1822
23,110-8-1,3620
110-8-1,23,3620
24,110-8-1,656
110-8-1,24,656
25,110-8-1,10
110-8-1,25,10
26,110-8-1,1400
110-8-1,26,1400
27,110-8-1,71
110-8-1,27,71
28,110-8-1,34
110-8-1,28,34
29,110-8-1,44
110-8-1,29,44
30,110-8-1,51
110-8-1,30,51
31,110-8-1,1363
110-8-1,31,1363
32,110-8-1,455
110-8-1,32,455
33,110-8-1,626
110-8-1,33,626
34,110-8-1,1458
110-8-1,34,1458
35,110-8-1,428
110-8-1,35,428
36,110-8-1,449
110-8-1,36,449
37,110-8-1,392
110-8-1,37,392
38,110-8-1,850
110-8-1,38,850
39,110-8-1,1213
110-8-1,39,1213
40,110-8-1,1319
110-8-1,40,1319
41,110-8-1,40
110-8-1,41,40
42,110-8-1,1800
110-8-1,42,1800
43,110-8-1,534
110-8-1,43,534
44,110-8-1,1447
110-8-1,44,1447
45,110-8-1,3596
110-8-1,45,3596
46,110-8-1,2160
110-8-1,46,2160
47,110-8-1,1074
110-8-1,47,1074
48,110-8-1,216
110-8-1,48,216
49,110-8-1,3639
110-8-1,49,3639
50,110-8-1,1059
110-8-1,50,1059
51,110-8-1,30
110-8-1,51,30
52,110-8-1,47
110-8-1,52,47
53,110-8-1,297
110-8-1,53,297
54,110-8-1,825
110-8-1,54,825
55,110-8-1,3378
110-8-1,55,3378
56,110-8-1,180
110-8-1,56,180
57,110-8-1,48
110-8-1,57,48
58,110-8-1,34
110-8-1,58,34
110-8-1,106-4-1,51
106-4-1,110-8-1,51
110-8-1,106-4-2,51
106-4-2,110-8-1,51
110-8-1,107-4-1,51
107-4-1,110-8-1,51
110-8-1,107-4-2,51
107-4-2,110-8-1,51
110-8-1,110-8-1,0
110-8-1,110-8-1,0
110-8-1,110-8-2,0
110-8-2,110-8-1,0
110-8-1,110-41-1,40
110-41-1,110-8-1,40
110-8-1,110-41-2,40
110-41-2,110-8-1,40
110-8-1,110-51-1,30
110-51-1,110-8-1,30
110-8-1,110-51-2,30
110-51-2,110-8-1,30
110-8-2,110-8-2,0
1,110-8-2,492
110-8-2,1,492
2,110-8-2,186
110-8-2,2,186
3,110-8-2,1503
110-8-2,3,1503
4,110-8-2,51
110-8-2,4,51
5,110-8-2,725
110-8-2,5,725
6,110-8-2,497
110-8-2,6,497
7,110-8-2,182
110-8-2,7,182
8,110-8-2,0
110-8-2,8,0
9,110-8-2,1609
110-8-2,9,1609
10,110-8-2,2718
110-8-2,10,2718
11,110-8-2,766
110-8-2,11,766
12,110-8-2,965
110-8-2,12,965
13,110-8-2,835
110-8-2,13,835
14,110-8-2,732
110-8-2,14,732
15,110-8-2,302
110-8-2,15,302
16,110-8-2,202
110-8-2,16,202
17,110-8-2,4146
110-8-2,17,4146
18,110-8-2,32
110-8-2,18,32
19,110-8-2,987
110-8-2,19,987
20,110-8-2,34
110-8-2,20,34
21,110-8-2,1062
110-8-2,21,1062
22,110-8-2,1822
110-8-2,22,1822
23,110-8-2,3620
110-8-2,23,3620
24,110-8-2,656
110-8-2,24,656
25,110-8-2,10
110-8-2,25,10
26,110-8-2,1400
110-8-2,26,1400
27,110-8-2,71
110-8-2,27,71
28,110-8-2,34
110-8-2,28,34
29,110-8-2,44
110-8-2,29,44
30,110-8-2,51
110-8-2,30,51
31,110-8-2,1363
110-8-2,31,1363
32,110-8-2,455
110-8-2,32,455
33,110-8-2,626
110-8-2,33,626
34,110-8-2,1458
110-8-2,34,1458
35,110-8-2,428
110-8-2,35,428
36,110-8-2,449
110-8-2,36,449
37,110-8-2,392
110-8-2,37,392
38,110-8-2,850
110-8-2,38,850
39,110-8-2,1213
110-8-2,39,1213
40,110-8-2,1319
110-8-2,40,1319
41,110-8-2,40
110-8-2,41,40
42,110-8-2,1800
110-8-2,42,1800
43,110-8-2,534
110-8-2,43,534
44,110-8-2,1447
110-8-2,44,1447
45,110-8-2,3596
110-8-2,45,3596
46,110-8-2,2160
110-8-2,46,2160
47,110-8-2,1074
110-8-2,47,1074
48,110-8-2,216
110-8-2,48,216
49,110-8-2,3639
110-8-2,49,3639
50,110-8-2,1059
110-8-2,50,1059
51,110-8-2,30
110-8-2,51,30
52,110-8-2,47
110-8-2,52,47
53,110-8-2,297
110-8-2,53,297
54,110-8-2,825
110-8-2,54,825
55,110-8-2,3378
110-8-2,55,3378
56,110-8-2,180
110-8-2,56,180
57,110-8-2,48
110-8-2,57,48
58,110-8-2,34
110-8-2,58,34
110-8-2,106-4-1,51
106-4-1,110-8-2,51
110-8-2,106-4-2,51
106-4-2,110-8-2,51
110-8-2,107-4-1,51
107-4-1,110-8-2,51
110-8-2,107-4-2,51
107-4-2,110-8-2,51
110-8-2,110-8-1,0
110-8-1,110-8-2,0
110-8-2,110-8-2,0
110-8-2,110-8-2,0
110-8-2,110-41-1,40
110-41-1,110-8-2,40
110-8-2,110-41-2,40
110-41-2,110-8-2,40
110-8-2,110-51-1,30
110-51-1,110-8-2,30
110-8-2,110-51-2,30
110-51-2,110-8-2,30
110-41-1,110-41-1,0
1,110-41-1,526
110-41-1,1,526
2,110-41-1,203
110-41-1,2,203
3,110-41-1,1537
110-41-1,3,1537
4,110-41-1,19
110-41-1,4,19
5,110-41-1,693
110-41-1,5,693
6,110-41-1,471
110-41-1,6,471
7,110-41-1,210
110-41-1,7,210
8,110-41-1,40
110-41-1,8,40
9,110-41-1,1645
110-41-1,9,1645
10,110-41-1,2717
110-41-1,10,2717
11,110-41-1,730
110-41-1,11,730
12,110-41-1,1000
110-41-1,12,1000
13,110-41-1,836
110-41-1,13,836
14,110-41-1,697
110-41-1,14,697
15,110-41-1,305
110-41-1,15,305
16,110-41-1,205
110-41-1,16,205
17,110-41-1,4185
110-41-1,17,4185
18,110-41-1,55
110-41-1,18,55
19,110-41-1,951
110-41-1,19,951
20,110-41-1,19
110-41-1,20,19
21,110-41-1,1095
110-41-1,21,1095
22,110-41-1,1794
110-41-1,22,1794
23,110-41-1,3622
110-41-1,23,3622
24,110-41-1,691
110-41-1,24,691
25,110-41-1,45
110-41-1,25,45
26,110-41-1,1440
110-41-1,26,1440
27,110-41-1,52
110-41-1,27,52
28,110-41-1,19
110-41-1,28,19
29,110-41-1,77
110-41-1,29,77
30,110-41-1,34
110-41-1,30,34
31,110-41-1,1364
110-41-1,31,1364
32,110-41-1,491
110-41-1,32,491
33,110-41-1,659
110-41-1,33,659
34,110-41-1,1432
110-41-1,34,1432
35,110-41-1,424
110-41-1,35,424
36,110-41-1,452
110-41-1,36,452
37,110-41-1,410
110-41-1,37,410
38,110-41-1,887
110-41-1,38,887
39,110-41-1,1216
110-41-1,39,1216
40,110-41-1,1351
110-41-1,40,1351
41,110-41-1,0
110-41-1,41,0
42,110-41-1,1806
110-41-1,42,1806
43,110-41-1,572
110-41-1,43,572
44,110-41-1,1479
110-41-1,44,1479
45,110-41-1,3602
110-41-1,45,3602
46,110-41-1,2137
110-41-1,46,2137
47,110-41-1,1079
110-41-1,47,1079
48,110-41-1,186
110-41-1,48,186
49,110-41-1,3645
110-41-1,49,3645
50,110-41-1,1097
110-41-1,50,1097
51,110-41-1,34
110-41-1,51,34
52,110-41-1,17
110-41-1,52,17
53,110-41-1,274
110-41-1,53,274
54,110-41-1,856
110-41-1,54,856
55,110-41-1,3384
110-41-1,55,3384
56,110-41-1,218
110-41-1,56,218
57,110-41-1,53
110-41-1,57,53
58,110-41-1,26
110-41-1,58,26
110-41-1,106-4-1,19
106-4-1,110-41-1,19
110-41-1,106-4-2,19
106-4-2,110-41-1,19
110-41-1,107-4-1,19
107-4-1,110-41-1,19
110-41-1,107-4-2,19
107-4-2,110-41-1,19
110-41-1,110-8-1,40
110-8-1,110-41-1,40
110-41-1,110-8-2,40
110-8-2,110-41-1,40
110-41-1,110-41-1,0
110-41-1,110-41-1,0
110-41-1,110-41-2,0
110-41-2,110-41-1,0
110-41-1,110-51-1,34
110-51-1,110-41-1,34
110-41-1,110-51-2,34
110-51-2,110-41-1,34
110-41-2,110-41-2,0
1,110-41-2,526
110-41-2,1,526
2,110-41-2,203
110-41-2,2,203
3,110-41-2,1537
110-41-2,3,1537
4,110-41-2,19
110-41-2,4,19
5,110-41-2,693
110-41-2,5,693
6,110-41-2,471
110-41-2,6,471
7,110-41-2,210
110-41-2,7,210
8,110-41-2,40
110-41-2,8,40
9,110-41-2,1645
110-41-2,9,1645
10,110-41-2,2717
110-41-2,10,2717
11,110-41-2,730
110-41-2,11,730
12,110-41-2,1000
110-41-2,12,1000
13,110-41-2,836
110-41-2,13,836
14,110-41-2,697
110-41-2,14,697
15,110-41-2,305
110-41-2,15,305
16,110-41-2,205
110-41-2,16,205
17,110-41-2,4185
110-41-2,17,4185
18,110-41-2,55
110-41-2,18,55
19,110-41-2,951
110-41-2,19,951
20,110-41-2,19
110-41-2,20,19
21,110-41-2,1095
110-41-2,21,1095
22,110-41-2,1794
110-41-2,22,1794
23,110-41-2,3622
110-41-2,23,3622
24,110-41-2,691
110-41-2,24,691
25,110-41-2,45
110-41-2,25,45
26,110-41-2,1440
110-41-2,26,1440
27,110-41-2,52
110-41-2,27,52
28,110-41-2,19
110-41-2,28,19
29,110-41-2,77
110-41-2,29,77
30,110-41-2,34
110-41-2,30,34
31,110-41-2,1364
110-41-2,31,1364
32,110-41-2,491
110-41-2,32,491
33,110-41-2,659
110-41-2,33,659
34,110-41-2,1432
110-41-2,34,1432
35,110-41-2,424
110-41-2,35,424
36,110-41-2,452
110-41-2,36,452
37,110-41-2,410
110-41-2,37,410
38,110-41-2,887
110-41-2,38,887
39,110-41-2,1216
110-41-2,39,1216
40,110-41-2,1351
110-41-2,40,1351
41,110-41-2,0
110-41-2,41,0
42,110-41-2,1806
110-41-2,42,1806
43,110-41-2,572
110-41-2,43,572
44,110-41-2,1479
110-41-2,44,1479
45,110-41-2,3602
110-41-2,45,3602
46,110-41-2,2137
110-41-2,46,2137
47,110-41-2,1079
110-41-2,47,1079
48,110-41-2,186
110-41-2,48,186
49,110-41-2,3645
110-41-2,49,3645
50,110-41-2,1097
110-41-2,50,1097
51,110-41-2,34
110-41-2,51,34
52,110-41-2,17
110-41-2,52,17
53,110-41-2,274
110-41-2,53,274
54,110-41-2,856
110-41-2,54,856
55,110-41-2,3384
110-41-2,55,3384
56,110-41-2,218
110-41-2,56,218
57,110-41-2,53
110-41-2,57,53
58,110-41-2,26
110-41-2,58,26
110-41-2,106-4-1,19
106-4-1,110-41-2,19
110-41-2,106-4-2,19
106-4-2,110-41-2,19
110-41-2,107-4-1,19
107-4-1,110-41-2,19
110-41-2,107-4-2,19
107-4-2,110-41-2,19
110-41-2,110-8-1,40
110-8-1,110-41-2,40
110-41-2,110-8-2,40
110-8-2,110-41-2,40
110-41-2,110-41-1,0
110-41-1,110-41-2,0
110-41-2,110-41-2,0
110-41-2,110-41-2,0
110-41-2,110-51-1,34
110-51-1,110-41-2,34
110-41-2,110-51-2,34
110-51-2,110-41-2,34
110-51-1,110-51-1,0
1,110-51-1,512
110-51-1,1,512
2,110-51-1,171
110-51-1,2,171
3,110-51-1,1523
110-51-1,3,1523
4,110-51-1,35
110-51-1,4,35
5,110-51-1,701
110-51-1,5,701
6,110-51-1,489
110-51-1,6,489
7,110-51-1,201
110-51-1,7,201
8,110-51-1,30
110-51-1,8,30
9,110-51-1,1631
110-51-1,9,1631
10,110-51-1,2723
110-51-1,10,2723
11,110-51-1,738
110-51-1,11,738
12,110-51-1,986
110-51-1,12,986
13,110-51-1,842
110-51-1,13,842
14,110-51-1,705
110-51-1,14,705
15,110-51-1,311
110-51-1,15,311
16,110-51-1,211
110-51-1,16,211
17,110-51-1,4190
110-51-1,17,4190
18,110-51-1,22
110-51-1,18,22
19,110-51-1,969
110-51-1,19,969
20,110-51-1,14
110-51-1,20,14
21,110-51-1,1085
110-51-1,21,1085
22,110-51-1,1812
110-51-1,22,1812
23,110-51-1,3628
110-51-1,23,3628
24,110-51-1,666
110-51-1,24,666
25,110-51-1,36
110-51-1,25,36
26,110-51-1,1427
110-51-1,26,1427
27,110-51-1,37
110-51-1,27,37
28,110-51-1,14
110-51-1,28,14
29,110-51-1,52
110-51-1,29,52
30,110-51-1,20
110-51-1,30,20
31,110-51-1,1370
110-51-1,31,1370
32,110-51-1,477
110-51-1,32,477
33,110-51-1,649
110-51-1,33,649
34,110-51-1,1449
110-51-1,34,1449
35,110-51-1,396
110-51-1,35,396
36,110-51-1,457
110-51-1,36,457
37,110-51-1,377
110-51-1,37,377
38,110-51-1,878
110-51-1,38,878
39,110-51-1,1222
110-51-1,39,1222
40,110-51-1,1337
110-51-1,40,1337
41,110-51-1,34
110-51-1,41,34
42,110-51-1,1806
110-51-1,42,1806
43,110-51-1,545
110-51-1,43,545
44,110-51-1,1469
110-51-1,44,1469
45,110-51-1,3602
110-51-1,45,3602
46,110-51-1,2148
110-51-1,46,2148
47,110-51-1,1079
110-51-1,47,1079
48,110-51-1,189
110-51-1,48,189
49,110-51-1,3647
110-51-1,49,3647
50,110-51-1,1074
110-51-1,50,1074
51,110-51-1,0
110-51-1,51,0
52,110-51-1,24
110-51-1,52,24
53,110-51-1,287
110-51-1,53,287
54,110-51-1,835
110-51-1,54,835
55,110-51-1,3385
110-51-1,55,3385
56,110-51-1,183
110-51-1,56,183
57,110-51-1,55
110-51-1,57,55
58,110-51-1,14
110-51-1,58,14
110-51-1,106-4-1,35
106-4-1,110-51-1,35
110-51-1,106-4-2,35
106-4-2,110-51-1,35
110-51-1,107-4-1,35
107-4-1,110-51-1,35
110-51-1,107-4-2,35
107-4-2,110-51-1,35
110-51-1,110-8-1,30
110-8-1,110-51-1,30
110-51-1,110-8-2,30
110-8-2,110-51-1,30
110-51-1,110-41-1,34
110-41-1,110-51-1,34
110-51-1,110-41-2,34
110-41-2,110-51-1,34
110-51-1,110-51-1,0
110-51-1,110-51-1,0
110-51-1,110-51-2,0
110-51-2,110-51-1,0
110-51-2,110-51-2,0
1,110-51-2,512
110-51-2,1,512
2,110-51-2,171
110-51-2,2,171
3,110-51-2,1523
110-51-2,3,1523
4,110-51-2,35
110-51-2,4,35
5,110-51-2,701
110-51-2,5,701
6,110-51-2,489
110-51-2,6,489
7,110-51-2,201
110-51-2,7,201
8,110-51-2,30
110-51-2,8,30
9,110-51-2,1631
110-51-2,9,1631
10,110-51-2,2723
110-51-2,10,2723
11,110-51-2,738
110-51-2,11,738
12,110-51-2,986
110-51-2,12,986
13,110-51-2,842
110-51-2,13,842
14,110-51-2,705
110-51-2,14,705
15,110-51-2,311
110-51-2,15,311
16,110-51-2,211
110-51-2,16,211
17,110-51-2,4190
110-51-2,17,4190
18,110-51-2,22
110-51-2,18,22
19,110-51-2,969
110-51-2,19,969
20,110-51-2,14
110-51-2,20,14
21,110-51-2,1085
110-51-2,21,1085
22,110-51-2,1812
110-51-2,22,1812
23,110-51-2,3628
110-51-2,23,3628
24,110-51-2,666
110-51-2,24,666
25,110-51-2,36
110-51-2,25,36
26,110-51-2,1427
110-51-2,26,1427
27,110-51-2,37
110-51-2,27,37
28,110-51-2,14
110-51-2,28,14
29,110-51-2,52
110-51-2,29,52
30,110-51-2,20
110-51-2,30,20
31,110-51-2,1370
110-51-2,31,1370
32,110-51-2,477
110-51-2,32,477
33,110-51-2,649
110-51-2,33,649
34,110-51-2,1449
110-51-2,34,1449
35,110-51-2,396
110-51-2,35,396
36,110-51-2,457
110-51-2,36,457
37,110-51-2,377
110-51-2,37,377
38,110-51-2,878
110-51-2,38,878
39,110-51-2,1222
110-51-2,39,1222
40,110-51-2,1337
110-51-2,40,1337
41,110-51-2,34
110-51-2,41,34
42,110-51-2,1806
110-51-2,42,1806
43,110-51-2,545
110-51-2,43,545
44,110-51-2,1469
110-51-2,44,1469
45,110-51-2,3602
110-51-2,45,3602
46,110-51-2,2148
110-51-2,46,2148
47,110-51-2,1079
110-51-2,47,1079
48,110-51-2,189
110-51-2,48,189
49,110-51-2,3647
110-51-2,49,3647
50,110-51-2,1074
110-51-2,50,1074
51,110-51-2,0
110-51-2,51,0
52,110-51-2,24
110-51-2,52,24
53,110-51-2,287
110-51-2,53,287
54,110-51-2,835
110-51-2,54,835
55,110-51-2,3385
110-51-2,55,3385
56,110-51-2,183
110-51-2,56,183
57,110-51-2,55
110-51-2,57,55
58,110-51-2,14
110-51-2,58,14
110-51-2,106-4-1,35
106-4-1,110-51-2,35
110-51-2,106-4-2,35
106-4-2,110-51-2,35
110-51-2,107-4-1,35
107-4-1,110-51-2,35
110-51-2,107-4-2,35
107-4-2,110-51-2,35
110-51-2,110-8-1,30
110-8-1,110-51-2,30
110-51-2,110-8-2,30
110-8-2,110-51-2,30
110-51-2,110-41-1,34
110-41-1,110-51-2,34
110-51-2,110-41-2,34
110-41-2,110-51-2,34
110-51-2,110-51-1,0
110-51-1,110-51-2,0
110-51-2,110-51-2,0
110-51-2,110-51-2,0
